[
    {
        "Id": "212983",
        "Name": "Eljam Padilla",
        "Email": "hatdoggydog@gmail.com",
        "Phone": "0914369696969",
        "Address": "UEP Zone 2"
    },
    {
        "Id": "212977",
        "Name": "Aj Obieta",
        "Email": "ajpuge@gmail.com",
        "Phone": "0914369696969",
        "Address": "UEP Zone 2"
    },
    {
        "Id": "212983",
        "Name": "Nonito Notarts",
        "Email": "notartsngmundo@gmail.com",
        "Phone": "0914369696969",
        "Address": "UEP Zone 2"
    },
    {
        "Id": "212983",
        "Name": "Kurt Aaron",
        "Email": "aarongae@gmail.com",
        "Phone": "0914369696969",
        "Address": "UEP Zone 2"
    }
]